{
  "version": 2,
  "trainedAt": "2026-03-30T21:49:36.495Z",
  "featureNames": [
    "bias",
    "좌석",
    "기간",
    "제작사",
    "공연장",
    "내한/투어보정",
    "capacity",
    "가격",
    "레퍼토리등급",
    "장르_뮤지컬",
    "장르_연극",
    "장르_클래식",
    "장르_오페라"
  ],
  "weights": [
    -85.15821050226437,
    -2.964641117912481,
    217.51598551243407,
    4.2028845600205,
    15.508621478690646,
    19.887275020754327,
    472.40099092418774,
    144.2854582973482,
    22.228679723081736,
    -6.460756065463736,
    -19.740284852252856,
    -19.710792536411827,
    0
  ],
  "stats": {
    "total": 1112,
    "train": 888,
    "test": 224,
    "byGenre": {
      "musical": 208,
      "play": 47,
      "pop_concert": 757,
      "classical": 100
    },
    "spearman": 0.4667992346303315,
    "tierAccuracy": 0.45982142857142855
  },
  "thresholds": {
    "rawP70": 58.91667229103455,
    "rawP30": 30.018897924057647
  },
  "occupancyByTier": {
    "HIGH": 0.82,
    "MID": 0.62,
    "LOW": 0.4
  },
  "genreOccupancy": {
    "musical": {
      "HIGH": 0.82,
      "MID": 0.62,
      "LOW": 0.4,
      "counts": {
        "HIGH": 48,
        "MID": 75,
        "LOW": 43
      }
    },
    "play": {
      "HIGH": 0.72,
      "MID": 0.52,
      "LOW": 0.32,
      "counts": {
        "HIGH": 13,
        "MID": 13,
        "LOW": 11
      }
    },
    "pop_concert": {
      "HIGH": 0.9,
      "MID": 0.72,
      "LOW": 0.52,
      "counts": {
        "HIGH": 203,
        "MID": 210,
        "LOW": 192
      }
    },
    "classical": {
      "HIGH": 0.72,
      "MID": 0.52,
      "LOW": 0.32,
      "counts": {
        "HIGH": 24,
        "MID": 29,
        "LOW": 27
      }
    }
  },
  "priceElasticity": {
    "musical": 0.15,
    "play": 0.2,
    "pop_concert": 0.12,
    "classical": 0.08
  },
  "priceBaseline": {
    "musical": 130000,
    "classical": 100000,
    "opera": 150000,
    "play": 80000,
    "pop_concert": 150000
  }
}