{
  "trainedAt": "2026-03-30T05:55:26.244Z",
  "featureNames": [
    "bias",
    "좌석",
    "기간",
    "제작사",
    "공연장",
    "내한보정",
    "capacity",
    "가격"
  ],
  "weights": [
    -161.712332233193,
    321.21092236042983,
    356.1414494936943,
    27.389114550151767,
    24.132549048008187,
    -80.35042936342042,
    424.9825385757146,
    20.319081508024073
  ],
  "stats": {
    "total": 209,
    "high": 64,
    "mid": 82,
    "low": 63,
    "p70": 79,
    "p30": 26
  },
  "occupancyByTier": {
    "HIGH": 0.82,
    "MID": 0.62,
    "LOW": 0.4
  }
}